Protein,Designation,Frequency,Location,Change,Type,Countries
surface glycoprotein,D614G,29296,23403,GGT > GAT,non_synonymous,Australia (13942);USA (11175);South Africa (406);Russia (241);Israel (194);Brazil (144);India (102);Czech Republic (51);France (37);Philippines (22);United Kingdom (20);Netherlands (12);Qatar (11);Chile (8);Mozambique (7);Turkey (6);Ecuador (4);South Korea (4);China (3);Peru (2);Germany (2);Bangladesh (1);Malaysia (1);Croatia (1);Morocco (1)
surface glycoprotein,Q613Q,12560,23401,CAA > CAG,synonymous,Australia (12555)
surface glycoprotein,S477N,11498,22992,AAC > AGC,non_synonymous,Australia (11489);Russia (5);USA (3)
surface glycoprotein,F306F,1608,22480,TTT > TTC,synonymous,Australia (1601);USA (7)
surface glycoprotein,G838G,455,24076,GGC > GGT,synonymous,USA (406)
surface glycoprotein,N824N,408,24034,AAT > AAC,synonymous,USA (189);Australia (123);South Africa (36);China (6);Russia (1);Thailand (1);Nepal (1)
surface glycoprotein,D253G,395,22320,GGT > GAT,non_synonymous,USA (392);Australia (3)
surface glycoprotein,P715P,371,23707,CCT > CCC,synonymous,Australia (278);USA (19)
surface glycoprotein,A520S,296,23120,TCA > GCA,non_synonymous,Australia (151);USA (140);South Africa (5)
surface glycoprotein,T632N,290,23457,AAT > ACT,non_synonymous,Australia (290)
surface glycoprotein,S698L,285,23655,TTA > TCA,non_synonymous,Australia (195);USA (90)
surface glycoprotein,L5F,262,21575,TTT > CTT,non_synonymous,USA (156);Australia (65);Russia (14);Israel (2);Qatar (2);Philippines (1);South Korea (1)
surface glycoprotein,I231I,234,22255,ATT > ATA,synonymous,USA (234)
surface glycoprotein,S221S,225,22225,TCT > TCG,synonymous,USA (216);Australia (3)
surface glycoprotein,G1044G,206,24694,GGT > GGA,synonymous,USA (143);Australia (62)
surface glycoprotein,P521P,194,23125,CCT > CCA,synonymous,Australia (172);USA (15);South Africa (6);Israel (1)
surface glycoprotein,P521T,182,23123,ACA > CCA,non_synonymous,Australia (163);USA (16);South Africa (3)
surface glycoprotein,R34P,181,21663,CCT > CGT,non_synonymous,USA (65);South Africa (61);Australia (51);India (1)
surface glycoprotein,T723T,179,23731,ACT > ACC,synonymous,Australia (33);South Africa (23);United Kingdom (20);USA (4);Chile (2);Peru (2);Czech Republic (2);Croatia (1)
surface glycoprotein,C662C,172,23548,TGC > TGT,synonymous,Australia (171)
surface glycoprotein,P1263L,169,25350,CTA > CCA,non_synonymous,Australia (9);USA (4);Israel (2);Russia (1)
surface glycoprotein,A520E,165,23121,GAA > GCA,non_synonymous,Australia (141);USA (18);South Africa (6)
surface glycoprotein,N121N,158,21925,AAC > AAT,synonymous,Australia (158)
surface glycoprotein,L54F,147,21724,TTT > TTG,non_synonymous,USA (116);Australia (5);Russia (1)
surface glycoprotein,A522V,138,23127,GTA > GCA,non_synonymous,Australia (121);USA (11);South Africa (2);France (2)
surface glycoprotein,A522S,137,23126,TCA > GCA,non_synonymous,Australia (117);USA (17);Russia (2);South Africa (1)
surface glycoprotein,L517L,136,23113,CTA > CTT,synonymous,Australia (112);USA (16);South Africa (6)
surface glycoprotein,H519Y,136,23117,TAT > CAT,non_synonymous,Australia (113);USA (16);South Africa (6);Israel (1)
surface glycoprotein,A520A,133,23122,GCG > GCA,synonymous,Australia (112);USA (16);South Africa (5)
surface glycoprotein,F562F,129,23248,TTT > TTC,synonymous,USA (116);Australia (8)
surface glycoprotein,A930V,125,24351,GTT > GCT,non_synonymous,Australia (125)
surface glycoprotein,I1183I,125,25111,ATA > ATT,synonymous,Australia (125)
surface glycoprotein,C432C,124,22858,TGT > TGC,synonymous,Australia (110);USA (11);Russia (1)
surface glycoprotein,S939F,119,24378,TTT > TCT,non_synonymous,USA (108);Australia (5);Russia (3);Brazil (2);Israel (1)
surface glycoprotein,A475A,114,22987,GCT > GCC,synonymous,USA (105);Australia (8);Russia (1)
surface glycoprotein,Y789Y,113,23929,TAT > TAC,synonymous,Australia (49);USA (26);Timor-Leste (15);India (6);Malaysia (4);Thailand (3);Brazil (2);Russia (1);Philippines (1);South Africa (1);Israel (1)
surface glycoprotein,E1144Q,112,24992,CAA > GAA,non_synonymous,Australia (81);USA (31)
surface glycoprotein,A845D,111,24096,GAT > GCT,non_synonymous,USA (53)
surface glycoprotein,L518L,109,23116,CTT > CTA,synonymous,Australia (88);USA (14);South Africa (5)
surface glycoprotein,P681H,108,23604,CAT > CCT,non_synonymous,USA (105);Russia (2)
surface glycoprotein,I1114I,107,24904,ATT > ATC,synonymous,USA (95);Thailand (5);Australia (2)
surface glycoprotein,L518I,105,23114,ATA > CTA,non_synonymous,Australia (85);USA (14);South Africa (6)
surface glycoprotein,L518Q,104,23115,CAA > CTA,non_synonymous,Australia (82);USA (16);South Africa (6)
surface glycoprotein,R34R,103,21664,CGG > CGT,synonymous,Australia (42);USA (37);South Africa (21);India (1)
surface glycoprotein,F543F,102,23191,TTT > TTC,synonymous,USA (68);Australia (25);India (1);Russia (1)
surface glycoprotein,S711S,97,23695,TCC > TCT,synonymous,Australia (96);USA (1)
surface glycoprotein,L877L,94,24193,CTT > CTG,synonymous,USA (92);Brazil (1)
surface glycoprotein,V382L,91,22706,TTG > GTG,non_synonymous,USA (90);Australia (1)
surface glycoprotein,H519Q,89,23119,CAG > CAT,non_synonymous,Australia (71);USA (12);South Africa (6)
surface glycoprotein,S254F,88,22323,TTT > TCT,non_synonymous,Australia (70);USA (10);Germany (4)
surface glycoprotein,S13I,86,21600,ATT > AGT,non_synonymous,USA (79);Australia (4);United Kingdom (3)
surface glycoprotein,V320F,84,22520,TTC > GTC,non_synonymous,South Africa (50);Australia (24);USA (8)
surface glycoprotein,R34S,83,21662,AGT > CGT,non_synonymous,Australia (32);USA (31);South Africa (20)
surface glycoprotein,T732A,83,23756,GCC > ACC,non_synonymous,USA (83)
surface glycoprotein,P1140A,83,24980,GCT > CCT,non_synonymous,Australia (44);USA (31);South Africa (5);Timor-Leste (1)
surface glycoprotein,L1141M,83,24983,ATG > TTG,non_synonymous,Australia (43);USA (32);South Africa (5);Timor-Leste (1)
surface glycoprotein,L84L,81,21812,TTA > CTA,synonymous,Australia (80);USA (1)
surface glycoprotein,Y1138*,81,24976,TAG > TAT,non_synonymous,Australia (44);USA (29);South Africa (5);Timor-Leste (1)
surface glycoprotein,L1141*,81,24984,TAG > TTG,non_synonymous,Australia (43);USA (29);South Africa (6);Timor-Leste (1)
surface glycoprotein,N856N,80,24130,AAT > AAC,synonymous,USA (14);Thailand (5);Australia (2);India (1);China (1)
surface glycoprotein,D1139V,80,24978,GTT > GAT,non_synonymous,Australia (43);USA (29);South Africa (5);Timor-Leste (1)
surface glycoprotein,P1140P,80,24982,CCA > CCT,synonymous,Australia (43);USA (28);South Africa (6);Timor-Leste (1)
surface glycoprotein,I1198I,80,25156,ATT > ATC,synonymous,Thailand (5);USA (4);Australia (1);China (1)
surface glycoprotein,E96E,79,21850,GAA > GAG,synonymous,Australia (79)
surface glycoprotein,A222V,79,22227,GTT > GCT,non_synonymous,Australia (38);USA (19);Russia (1);South Africa (1)
surface glycoprotein,T778I,77,23895,ATC > ACC,non_synonymous,Australia (68);USA (6);South Africa (2)
surface glycoprotein,T33T,76,21661,ACC > ACA,synonymous,USA (31);Australia (27);South Africa (18)
surface glycoprotein,Y200Y,75,22162,TAC > TAT,synonymous,USA (75)
surface glycoprotein,Y1138H,75,24974,CAT > TAT,non_synonymous,Australia (44);USA (25);South Africa (3);Timor-Leste (1)
surface glycoprotein,K1157K,75,25033,AAA > AAG,synonymous,Thailand (5);United Kingdom (3);China (1)
surface glycoprotein,K1191K,75,25135,AAA > AAG,synonymous,Thailand (5);China (1)
surface glycoprotein,L1203F,75,25169,TTT > CTT,non_synonymous,USA (7);Australia (2)
surface glycoprotein,V1264V,75,25354,GTT > GTG,synonymous,USA (6);Australia (1)
surface glycoprotein,F318Y,74,22515,TAT > TTT,non_synonymous,South Africa (51);Australia (19);USA (3)
surface glycoprotein,V952V,74,24418,GTT > GTC,synonymous,Thailand (5);USA (2);Turkey (1)
surface glycoprotein,T1009T,74,24589,ACA > ACT,synonymous,Thailand (5);China (1)
surface glycoprotein,D80Y,73,21800,TAT > GAT,non_synonymous,Australia (61);USA (3);South Africa (3)
surface glycoprotein,D985D,73,24517,GAT > GAC,synonymous,Thailand (5);USA (4);Australia (1)
surface glycoprotein,V1137I,73,24971,ATT > GTT,non_synonymous,Australia (41);USA (25);South Africa (4);Timor-Leste (1)
surface glycoprotein,A893A,72,24241,GCT > GCA,synonymous,Thailand (5);USA (1);China (1)
surface glycoprotein,V320I,71,22520,ATC > GTC,non_synonymous,Australia (71)
surface glycoprotein,C1235C,71,25267,TGT > TGC,synonymous,USA (9);Thailand (5);China (1)
surface glycoprotein,L276L,70,22388,TTA > CTA,synonymous,USA (66);Australia (3);South Africa (1)
surface glycoprotein,V976V,70,24490,GTG > GTT,synonymous,Thailand (5)
surface glycoprotein,S1030S,70,24652,TCT > TCA,synonymous,India (1);South Africa (1)
surface glycoprotein,D1041D,70,24685,GAC > GAT,synonymous,Thailand (5);South Africa (3);USA (1)
surface glycoprotein,L1145L,70,24995,CTA > TTA,synonymous,Thailand (5);Australia (2);USA (1)
surface glycoprotein,V1177V,70,25093,GTC > GTA,synonymous,Thailand (5)
surface glycoprotein,L821L,69,24023,TTA > CTA,synonymous,USA (3);Australia (3);Russia (2);Thailand (1);Israel (1)
surface glycoprotein,Q913Q,69,24301,CAA > CAG,synonymous,Australia (3);USA (1);China (1)
surface glycoprotein,T961T,69,24445,ACA > ACG,synonymous,China (1)
surface glycoprotein,Y1047Y,69,24703,TAC > TAT,synonymous,
surface glycoprotein,I1169I,69,25069,ATT > ATC,synonymous,USA (1);South Africa (1);Australia (1);China (1)
surface glycoprotein,G1251G,69,25315,GGT > GGA,synonymous,China (2)
surface glycoprotein,S1252S,69,25318,TCT > TCC,synonymous,Australia (1);China (1);USA (1)
surface glycoprotein,P897P,68,24253,CCT > CCA,synonymous,USA (5);China (1)
surface glycoprotein,L922L,68,24328,TTA > TTG,synonymous,
surface glycoprotein,D936Y,68,24368,TAC > GAC,non_synonymous,USA (19);Australia (2);France (1)
surface glycoprotein,L996L,68,24550,TTA > TTG,synonymous,
surface glycoprotein,Q1005Q,68,24577,CAA > CAG,synonymous,China (1)
surface glycoprotein,Q1054Q,68,24724,CAA > CAG,synonymous,
surface glycoprotein,V1176V,68,25090,GTC > GTT,synonymous,Australia (3)
surface glycoprotein,S1196S,68,25150,TCA > TCT,synonymous,China (1)
surface glycoprotein,D1199D,68,25159,GAC > GAT,synonymous,Thailand (5);USA (1)
surface glycoprotein,K1205K,68,25177,AAA > AAG,synonymous,China (1)
surface glycoprotein,T22N,67,21627,AAT > ACT,non_synonymous,USA (67)
surface glycoprotein,L977L,67,24491,CTA > TTA,synonymous,Australia (1);USA (1)
surface glycoprotein,D1153D,67,25021,GAC > GAT,synonymous,Thailand (5)
surface glycoprotein,P1213P,67,25201,CCT > CCA,synonymous,Thailand (5)
surface glycoprotein,F318I,66,22514,ATT > TTT,non_synonymous,South Africa (53);Australia (11);USA (1)
surface glycoprotein,V951V,66,24415,GTT > GTG,synonymous,Thailand (4)
surface glycoprotein,L1166F,66,25060,TTT > TTA,non_synonymous,
surface glycoprotein,Q1208Q,66,25186,CAA > CAG,synonymous,USA (1);China (1)
surface glycoprotein,P793P,65,23941,CCT > CCA,synonymous,
surface glycoprotein,A829A,65,24049,GCT > GCA,synonymous,Thailand (5);South Africa (2);Australia (1)
surface glycoprotein,D848D,65,24106,GAT > GAC,synonymous,USA (2);South Africa (2);Australia (1)
surface glycoprotein,G908G,65,24286,GGC > GGT,synonymous,
surface glycoprotein,L1004F,65,24574,TTT > TTG,non_synonymous,
surface glycoprotein,V1060V,65,24742,GTT > GTA,synonymous,
surface glycoprotein,C1248C,65,25306,TGC > TGT,synonymous,Thailand (5);South Africa (1)
surface glycoprotein,A522A,64,23128,GCT > GCA,synonymous,Australia (53);USA (6)
surface glycoprotein,G857G,64,24133,GGA > GGC,synonymous,Thailand (5);China (2)
surface glycoprotein,S968S,64,24466,TCT > TCC,synonymous,USA (1)
surface glycoprotein,R983R,64,24511,CGA > CGT,synonymous,China (1)
surface glycoprotein,V991V,64,24535,GTA > GTG,synonymous,
surface glycoprotein,V1008V,64,24586,GTA > GTG,synonymous,
surface glycoprotein,I1013I,64,24601,ATC > ATT,synonymous,
surface glycoprotein,I1130I,64,24952,ATT > ATA,synonymous,Thailand (5)
surface glycoprotein,Q1142E,64,24986,GAA > CAA,non_synonymous,Australia (31);USA (29);South Africa (3);Timor-Leste (1)
surface glycoprotein,G1246G,64,25300,GGT > GGC,synonymous,USA (1);China (1)
surface glycoprotein,D1259D,64,25339,GAT > GAC,synonymous,USA (1)
surface glycoprotein,E583D,63,23311,GAT > GAG,non_synonymous,USA (44);Australia (18)
surface glycoprotein,A688V,63,23625,GTT > GCT,non_synonymous,South Africa (26);USA (23);Australia (5);Russia (2);Brazil (1)
surface glycoprotein,A903A,63,24271,GCA > GCT,synonymous,China (1)
surface glycoprotein,I997I,63,24553,ATT > ATC,synonymous,
surface glycoprotein,P1053P,63,24721,CCA > CCT,synonymous,
surface glycoprotein,S1175S,63,25087,TCT > TCA,synonymous,
surface glycoprotein,A1190A,63,25132,GCT > GCC,synonymous,
surface glycoprotein,G1267G,63,25363,GGT > GGA,synonymous,South Africa (1)
surface glycoprotein,S691S,62,23635,TCT > TCC,synonymous,Australia (50);USA (9);Russia (2);South Africa (1)
surface glycoprotein,A890A,62,24232,GCT > GCA,synonymous,USA (3)
surface glycoprotein,L922*,62,24327,TAG > TTG,non_synonymous,
surface glycoprotein,D950D,62,24412,GAC > GAT,synonymous,
surface glycoprotein,A958A,62,24436,GCA > GCT,synonymous,China (1)
surface glycoprotein,L1004L,62,24572,CTG > TTG,synonymous,
surface glycoprotein,L1012L,62,24596,CTA > TTA,synonymous,Thailand (5)
surface glycoprotein,A1016A,62,24610,GCT > GCA,synonymous,
surface glycoprotein,V1033V,62,24661,GTT > GTA,synonymous,China (1)
surface glycoprotein,E1144E,62,24994,GAG > GAA,synonymous,
surface glycoprotein,Y1155Y,62,25027,TAC > TAT,synonymous,
surface glycoprotein,F1156F,62,25030,TTC > TTT,synonymous,
surface glycoprotein,L1166L,62,25058,CTA > TTA,synonymous,
surface glycoprotein,G1167G,62,25063,GGC > GGT,synonymous,
surface glycoprotein,L1200L,62,25162,CTT > CTC,synonymous,USA (1)
surface glycoprotein,C1240C,62,25282,TGT > TGC,synonymous,USA (2);South Africa (1)
surface glycoprotein,I794F,61,23942,TTT > ATT,non_synonymous,
surface glycoprotein,P807P,61,23983,CCT > CCA,synonymous,South Africa (2);Thailand (1);Australia (1)
surface glycoprotein,L894F,61,24244,TTT > TTA,non_synonymous,China (1)
surface glycoprotein,F906F,61,24280,TTC > TTT,synonymous,USA (1)
surface glycoprotein,A956A,61,24430,GCT > GCA,synonymous,
surface glycoprotein,H1048H,61,24706,CAC > CAT,synonymous,
surface glycoprotein,P1057P,61,24733,CCG > CCT,synonymous,
surface glycoprotein,N1119N,61,24919,AAT > AAC,synonymous,Australia (3);USA (2)
surface glycoprotein,N1125N,61,24937,AAT > AAC,synonymous,USA (2);not applicable (1)
surface glycoprotein,S1170S,61,25072,TCA > TCT,synonymous,
surface glycoprotein,N1173N,61,25081,AAC > AAT,synonymous,USA (1)
surface glycoprotein,M153I,60,22021,ATA > ATG,non_synonymous,USA (58);Australia (2)
surface glycoprotein,P793T,60,23939,ACA > CCA,non_synonymous,
surface glycoprotein,D796Y,60,23948,TAT > GAT,non_synonymous,USA (2)
surface glycoprotein,T912T,60,24298,ACC > ACA,synonymous,
surface glycoprotein,L945F,60,24395,TTT > CTT,non_synonymous,
surface glycoprotein,S982S,60,24508,TCG > TCA,synonymous,
surface glycoprotein,V987V,60,24523,GTC > GTT,synonymous,
surface glycoprotein,R1014R,60,24604,AGG > AGA,synonymous,
surface glycoprotein,R1019R,60,24619,AGG > AGA,synonymous,
surface glycoprotein,V1189V,60,25129,GTC > GTT,synonymous,
surface glycoprotein,K1266K,60,25360,AAG > AAA,synonymous,
surface glycoprotein,L18F,59,21614,TTT > CTT,non_synonymous,USA (47);Australia (3);Brazil (1);Russia (1)
surface glycoprotein,Q321Q,59,22525,CAG > CAA,synonymous,USA (57);Australia (1)
surface glycoprotein,E516*,59,23108,TAA > GAA,non_synonymous,Australia (48);USA (7);South Africa (4)
surface glycoprotein,D808D,59,23986,GAC > GAT,synonymous,USA (2);Thailand (1);South Africa (1);China (1)
surface glycoprotein,S929N,59,24348,AAT > AGT,non_synonymous,
surface glycoprotein,D936E,59,24370,GAA > GAC,non_synonymous,
surface glycoprotein,E990E,59,24532,GAG > GAA,synonymous,USA (2)
surface glycoprotein,S1055A,59,24725,GCA > TCA,non_synonymous,
surface glycoprotein,L1063L,59,24751,TTA > TTG,synonymous,
surface glycoprotein,A1070S,59,24770,TCA > GCA,non_synonymous,USA (14)
surface glycoprotein,L1141L,59,24983,CTG > TTG,synonymous,Australia (2)
surface glycoprotein,K1149K,59,25009,AAA > AAG,synonymous,USA (2)
surface glycoprotein,C1243C,59,25291,TGC > TGT,synonymous,South Africa (1);Australia (1)
surface glycoprotein,L517P,58,23112,CCT > CTT,non_synonymous,Australia (42);USA (11);South Africa (5)
surface glycoprotein,Q853Q,58,24121,CAG > CAA,synonymous,Thailand (5);Australia (5)
surface glycoprotein,I923I,58,24331,ATC > ATT,synonymous,
surface glycoprotein,N928N,58,24346,AAC > AAT,synonymous,
surface glycoprotein,G932G,58,24358,GGT > GGC,synonymous,USA (1)
surface glycoprotein,Q954Q,58,24424,CAG > CAA,synonymous,
surface glycoprotein,V1133V,58,24961,GTT > GTC,synonymous,USA (1);South Africa (1)
surface glycoprotein,E1150E,58,25012,GAA > GAG,synonymous,USA (1)
surface glycoprotein,L1152L,58,25016,CTA > TTA,synonymous,USA (1)
surface glycoprotein,K1154K,58,25024,AAG > AAA,synonymous,USA (1)
surface glycoprotein,I1210I,58,25192,ATT > ATA,synonymous,South Africa (1)
surface glycoprotein,K1255K,58,25327,AAG > AAA,synonymous,USA (1)
surface glycoprotein,R403K,57,22770,AAA > AGA,non_synonymous,USA (9);Australia (2)
surface glycoprotein,G885G,57,24217,GGA > GGT,synonymous,
surface glycoprotein,G891G,57,24235,GGC > GGT,synonymous,
surface glycoprotein,L894L,57,24242,CTA > TTA,synonymous,
surface glycoprotein,L922L,57,24326,CTG > TTG,synonymous,
surface glycoprotein,G932S,57,24356,AGC > GGC,non_synonymous,
surface glycoprotein,S939T,57,24377,ACT > TCT,non_synonymous,
surface glycoprotein,A989A,57,24529,GCG > GCT,synonymous,
surface glycoprotein,D994D,57,24544,GAC > GAT,synonymous,
surface glycoprotein,S1003S,57,24571,AGC > AGT,synonymous,
surface glycoprotein,T1006T,57,24580,ACC > ACA,synonymous,
surface glycoprotein,A1056A,57,24730,GCC > GCA,synonymous,
surface glycoprotein,L1152L,57,25018,TTG > TTA,synonymous,
surface glycoprotein,L1203L,57,25171,CTG > CTT,synonymous,
surface glycoprotein,E1258E,57,25336,GAG > GAA,synonymous,
surface glycoprotein,A845T,56,24095,ACT > GCT,non_synonymous,
surface glycoprotein,T1238T,56,25276,ACT > ACC,synonymous,Australia (2)
surface glycoprotein,C1247*,56,25303,TGA > TGT,non_synonymous,China (1)
surface glycoprotein,Q779H,55,23899,CAT > CAA,non_synonymous,
surface glycoprotein,A783A,55,23911,GCT > GCA,synonymous,Thailand (2)
surface glycoprotein,D839E,55,24079,GAA > GAT,non_synonymous,China (1)
surface glycoprotein,I788M,54,23926,ATG > ATT,non_synonymous,South Africa (2)
surface glycoprotein,I794M,54,23944,ATG > ATT,non_synonymous,South Africa (1)
surface glycoprotein,P809P,54,23989,CCT > CCA,synonymous,Thailand (1)
surface glycoprotein,S810L,54,23991,TTA > TCA,non_synonymous,
surface glycoprotein,K835K,54,24067,AAG > AAA,synonymous,Thailand (5);Australia (1)
surface glycoprotein,L1063L,54,24749,CTG > TTG,synonymous,
surface glycoprotein,C1247G,54,25301,GGT > TGT,non_synonymous,
surface glycoprotein,C1247S,54,25302,TCT > TGT,non_synonymous,
surface glycoprotein,V70V,53,21772,GTT > GTC,synonymous,USA (41);Russia (7);Australia (2);South Africa (1)
surface glycoprotein,W152C,53,22018,TGT > TGG,non_synonymous,USA (53)
surface glycoprotein,T791T,53,23935,ACC > ACA,synonymous,
surface glycoprotein,S816S,53,24010,TCT > TCA,synonymous,Thailand (1)
surface glycoprotein,F855F,53,24127,TTC > TTT,synonymous,
surface glycoprotein,S929R,53,24349,AGG > AGT,non_synonymous,
surface glycoprotein,A930A,53,24352,GCG > GCT,synonymous,
surface glycoprotein,V1065V,53,24757,GTC > GTG,synonymous,
surface glycoprotein,P1140P,53,24982,CCC > CCT,synonymous,USA (53)
surface glycoprotein,L1145F,53,24997,TTC > TTA,non_synonymous,
surface glycoprotein,V83V,52,21811,GTT > GTC,synonymous,USA (49);Australia (3)
surface glycoprotein,G413G,52,22801,GGA > GGG,synonymous,
surface glycoprotein,L452R,52,22917,CGG > CTG,non_synonymous,USA (52)
surface glycoprotein,S810P,52,23990,CCA > TCA,non_synonymous,South Africa (1)
surface glycoprotein,L822F,52,24026,TTT > CTT,non_synonymous,Australia (32);USA (20)
surface glycoprotein,L841L,52,24085,CTA > CTT,synonymous,
surface glycoprotein,T887T,52,24223,ACA > ACC,synonymous,China (1)
surface glycoprotein,K933Q,52,24359,CAA > AAA,non_synonymous,
surface glycoprotein,G1124G,52,24934,GGA > GGT,synonymous,
surface glycoprotein,C1241C,52,25285,TGC > TGT,synonymous,Thailand (5);South Africa (1)
surface glycoprotein,H49Y,51,21707,TAT > CAT,non_synonymous,USA (41);Australia (4);Russia (3);China (1)
surface glycoprotein,D138Y,51,21974,TAT > GAT,non_synonymous,USA (38);Russia (9);Australia (2);Turkey (1);South Africa (1)
surface glycoprotein,I402V,51,22766,GTT > ATT,non_synonymous,USA (9)
surface glycoprotein,I410I,51,22792,ATA > ATC,synonymous,South Africa (3)
surface glycoprotein,Y421Y,51,22825,TAC > TAT,synonymous,Australia (51)
surface glycoprotein,K811K,51,23995,AAG > AAA,synonymous,
surface glycoprotein,K417M,50,22812,ATG > AAG,non_synonymous,
surface glycoprotein,V1129V,50,24949,GTT > GTA,synonymous,
surface glycoprotein,V1133I,50,24959,ATC > GTC,non_synonymous,
surface glycoprotein,Y1215Y,50,25207,TAT > TAC,synonymous,USA (8);Australia (4);China (2);South Africa (1)
surface glycoprotein,H146Y,49,21998,TAC > CAC,non_synonymous,USA (48);Australia (1)
surface glycoprotein,N501Y,49,23063,TAT > AAT,non_synonymous,Australia (39);USA (9);Russia (1)
surface glycoprotein,S813S,49,24001,AGT > AGC,synonymous,USA (1)
surface glycoprotein,F823F,49,24031,TTT > TTC,synonymous,USA (2);Thailand (1)
surface glycoprotein,I834M,49,24064,ATG > ATC,non_synonymous,
surface glycoprotein,L948L,49,24406,CTG > CTT,synonymous,
surface glycoprotein,S371S,48,22675,TCT > TCC,synonymous,South Africa (41);Australia (2)
surface glycoprotein,G485R,48,23015,CGT > GGT,non_synonymous,Australia (48)
surface glycoprotein,K947K,48,24403,AAG > AAA,synonymous,
surface glycoprotein,T1066T,48,24760,ACG > ACT,synonymous,
surface glycoprotein,S399S,47,22759,TCT > TCA,synonymous,
surface glycoprotein,V781V,47,23905,GTG > GTT,synonymous,
surface glycoprotein,A852A,47,24118,GCG > GCA,synonymous,
surface glycoprotein,F782F,46,23908,TTC > TTT,synonymous,
surface glycoprotein,D1084E,46,24814,GAA > GAT,non_synonymous,Thailand (5)
surface glycoprotein,G1131G,46,24955,GGC > GGA,synonymous,USA (1)
surface glycoprotein,I1132I,46,24958,ATC > ATT,synonymous,South Africa (1)
surface glycoprotein,G35C,45,21665,TGT > GGT,non_synonymous,USA (19);Australia (19);South Africa (6);India (1)
surface glycoprotein,A942S,45,24386,TCA > GCA,non_synonymous,Australia (2)
surface glycoprotein,T1120T,45,24922,ACG > ACA,synonymous,USA (45)
surface glycoprotein,V1122V,45,24928,GTC > GTG,synonymous,Thailand (5)
surface glycoprotein,V1228L,45,25244,TTA > GTA,non_synonymous,Australia (21);USA (20);India (1);Russia (1)
surface glycoprotein,L296L,44,22450,CTT > CTC,synonymous,USA (34);Czech Republic (2);China (1);Australia (1)
surface glycoprotein,Q321*,44,22523,TAA > CAA,non_synonymous,South Africa (35);Australia (5);USA (2)
surface glycoprotein,G416G,44,22810,GGT > GGA,synonymous,
surface glycoprotein,R682W,44,23606,TGG > CGG,non_synonymous,USA (36)
surface glycoprotein,P1069P,44,24769,CCA > CCT,synonymous,
surface glycoprotein,I1114I,44,24904,ATA > ATC,synonymous,
surface glycoprotein,R34R,43,21664,CGA > CGT,synonymous,USA (22);South Africa (13);Australia (6)
surface glycoprotein,V407V,43,22783,GTA > GTC,synonymous,South Africa (1)
surface glycoprotein,G946G,43,24400,GGC > GGA,synonymous,
surface glycoprotein,S1123S,43,24931,TCA > TCT,synonymous,
surface glycoprotein,P251P,42,22315,CCC > CCT,synonymous,Australia (42)
surface glycoprotein,I312I,42,22498,ATT > ATC,synonymous,Australia (33);USA (2);Russia (1)
surface glycoprotein,A344A,42,22594,GCA > GCC,synonymous,USA (37)
surface glycoprotein,G769V,42,23868,GTA > GGA,non_synonymous,Russia (14);USA (12);South Africa (8);Australia (4)
surface glycoprotein,K825K,42,24037,AAG > AAA,synonymous,South Africa (2);Thailand (1)
surface glycoprotein,G1124V,42,24933,GTT > GGT,non_synonymous,Australia (33);USA (8);Russia (1)
surface glycoprotein,K417N,41,22813,AAT > AAG,non_synonymous,
surface glycoprotein,S494P,41,23042,CCA > TCA,non_synonymous,USA (37);Australia (1);South Africa (1)
surface glycoprotein,S813T,41,24000,ACC > AGC,non_synonymous,South Africa (1)
surface glycoprotein,I402I,40,22768,ATC > ATT,synonymous,
surface glycoprotein,E406D,40,22780,GAT > GAA,non_synonymous,
surface glycoprotein,H69Y,39,21767,TAT > CAT,non_synonymous,Australia (23);USA (16)
surface glycoprotein,R403R,39,22771,AGG > AGA,synonymous,South Africa (1)
surface glycoprotein,G404G,39,22774,GGA > GGT,synonymous,USA (1)
surface glycoprotein,K417E,39,22811,GAG > AAG,non_synonymous,
surface glycoprotein,L828L,39,24046,CTC > CTT,synonymous,Australia (1)
surface glycoprotein,D839Y,39,24077,TAT > GAT,non_synonymous,Russia (6);USA (6);Australia (1)
surface glycoprotein,S940T,39,24380,ACC > TCC,non_synonymous,
surface glycoprotein,S60S,38,21742,TCT > TCC,synonymous,USA (30);Australia (4);South Africa (2);Russia (1)
surface glycoprotein,V130V,38,21952,GTT > GTC,synonymous,Australia (24);USA (13)
surface glycoprotein,S929S,38,24349,AGC > AGT,synonymous,USA (38)
surface glycoprotein,V1094V,38,24844,GTT > GTC,synonymous,Thailand (5);Australia (3)
surface glycoprotein,L425L,37,22837,TTG > TTA,synonymous,
surface glycoprotein,T859T,37,24139,ACA > ACT,synonymous,
surface glycoprotein,S94S,36,21844,TCA > TCC,synonymous,USA (35);Australia (1)
surface glycoprotein,E819E,36,24019,GAG > GAA,synonymous,Australia (1)
surface glycoprotein,L945L,36,24397,CTG > CTT,synonymous,Australia (1)
surface glycoprotein,V1061V,36,24745,GTT > GTC,synonymous,Australia (16);USA (9);Thailand (5);Russia (1)
surface glycoprotein,V1128V,36,24946,GTC > GTT,synonymous,
surface glycoprotein,F32F,35,21658,TTT > TTC,synonymous,Australia (15);USA (5)
surface glycoprotein,T307I,35,22482,ATT > ACT,non_synonymous,USA (28);Australia (2)
surface glycoprotein,H655Y,35,23525,TAT > CAT,non_synonymous,USA (19);Australia (3);South Africa (1)
surface glycoprotein,K1191N,34,25135,AAT > AAG,non_synonymous,USA (16);Brazil (14);Australia (2)
surface glycoprotein,A411A,33,22795,GCG > GCT,synonymous,
surface glycoprotein,Q677H,33,23593,CAT > CAG,non_synonymous,USA (28);Australia (4);Russia (1)
surface glycoprotein,L822L,33,24028,CTC > CTT,synonymous,
surface glycoprotein,D1260Y,33,25340,TAC > GAC,non_synonymous,USA (30);South Africa (3)
surface glycoprotein,D294D,32,22444,GAT > GAC,synonymous,Australia (14);USA (12);India (4);Turkey (1)
surface glycoprotein,N657N,32,23533,AAT > AAC,synonymous,USA (17);China (1);South Africa (1);Australia (1)
surface glycoprotein,P1112L,32,24897,CTA > CCA,non_synonymous,Australia (31);USA (1)
surface glycoprotein,V1230V,32,25252,GTT > GTG,synonymous,USA (32)
surface glycoprotein,L176F,31,22088,TTT > CTT,non_synonymous,USA (8);France (2);Australia (1)
surface glycoprotein,S514C,31,23103,TGT > TCT,non_synonymous,Australia (20);USA (7);South Africa (4)
surface glycoprotein,K786K,31,23920,AAG > AAA,synonymous,South Africa (30);Mozambique (1)
surface glycoprotein,S884A,30,24212,GCT > TCT,non_synonymous,Thailand (5)
surface glycoprotein,A1078V,30,24795,GTT > GCT,non_synonymous,Australia (2);USA (1)
surface glycoprotein,T1117I,30,24912,ATA > ACA,non_synonymous,Australia (27);USA (2);Russia (1)
surface glycoprotein,S247R,29,22303,AGG > AGT,non_synonymous,not applicable (21);Australia (5);Czech Republic (1);Netherlands (1)
surface glycoprotein,A575A,29,23287,GCC > GCT,synonymous,USA (27);Australia (1);South Africa (1)
surface glycoprotein,K795K,29,23947,AAG > AAA,synonymous,USA (29)
surface glycoprotein,V860V,29,24142,GTG > GTT,synonymous,
surface glycoprotein,K417K,28,22813,AAA > AAG,synonymous,USA (28)
surface glycoprotein,R273R,27,22381,AGA > AGG,synonymous,
surface glycoprotein,C671C,27,23575,TGT > TGC,synonymous,USA (9)
surface glycoprotein,A879S,27,24197,TCG > GCG,non_synonymous,USA (21);Russia (1);Turkey (1)
surface glycoprotein,E180V,26,22101,GTA > GAA,non_synonymous,USA (26)
surface glycoprotein,S221L,26,22224,TTG > TCG,non_synonymous,USA (18);Australia (6);Russia (1);Brazil (1)
surface glycoprotein,N354N,26,22624,AAT > AAC,synonymous,USA (25)
surface glycoprotein,Y707Y,26,23683,TAT > TAC,synonymous,USA (17);Australia (2);Brazil (1)
surface glycoprotein,Y1047N,26,24701,AAT > TAT,non_synonymous,USA (16);Australia (6);South Africa (4)
surface glycoprotein,V11V,25,21595,GTT > GTC,synonymous,USA (16);Australia (2);Russia (1);South Africa (1)
surface glycoprotein,T29I,25,21648,ATT > ACT,non_synonymous,Australia (14);USA (9)
surface glycoprotein,L455F,25,22927,TTT > TTG,non_synonymous,Australia (21);South Africa (3);USA (1)
surface glycoprotein,S640F,25,23481,TTT > TCT,non_synonymous,USA (24);Australia (1)
surface glycoprotein,P665P,25,23557,CCT > CCC,synonymous,USA (18);Australia (2)
surface glycoprotein,T778T,25,23896,ACA > ACC,synonymous,China (1)
surface glycoprotein,A845S,25,24095,TCT > GCT,non_synonymous,USA (18);Australia (4);Russia (2)
surface glycoprotein,S1097L,25,24852,TTA > TCA,non_synonymous,Australia (7)
surface glycoprotein,F186F,24,22120,TTT > TTC,synonymous,Australia (10);USA (8);Philippines (1)
surface glycoprotein,H519N,24,23117,AAT > CAT,non_synonymous,USA (2);Australia (1)
surface glycoprotein,I1216V,24,25208,GTT > ATT,non_synonymous,
surface glycoprotein,C1250F,24,25311,TTT > TGT,non_synonymous,USA (22);Australia (1)
surface glycoprotein,G181R,23,22103,AGA > GGA,non_synonymous,USA (23)
surface glycoprotein,L518L,23,23114,TTA > CTA,synonymous,USA (2);Russia (1)
surface glycoprotein,Q675H,23,23587,CAC > CAG,non_synonymous,USA (17)
surface glycoprotein,T739T,23,23779,ACT > ACA,synonymous,USA (18)
surface glycoprotein,A1078T,23,24794,ACT > GCT,non_synonymous,USA (20);Australia (3)
surface glycoprotein,C1243F,23,25290,TTT > TGT,non_synonymous,USA (11);Australia (7);South Africa (2)
surface glycoprotein,S12F,22,21597,TTT > TCT,non_synonymous,Philippines (11);USA (7);Australia (2)
surface glycoprotein,T95I,22,21846,ATT > ACT,non_synonymous,USA (11);Australia (9);Russia (1)
surface glycoprotein,G142S,22,21986,AGT > GGT,non_synonymous,USA (22)
surface glycoprotein,Y508Y,22,23086,TAT > TAC,synonymous,USA (8);Australia (1)
surface glycoprotein,P681L,22,23604,CTT > CCT,non_synonymous,USA (18);Australia (4)
surface glycoprotein,A1078S,22,24794,TCT > GCT,non_synonymous,USA (10);South Africa (7);Australia (1)
surface glycoprotein,T1100T,22,24862,ACG > ACA,synonymous,USA (18);Australia (3)
surface glycoprotein,F1148F,22,25006,TTT > TTC,synonymous,Thailand (5);Russia (2);Australia (2);USA (2);China (1);South Africa (1)
surface glycoprotein,G1219C,22,25217,TGT > GGT,non_synonymous,USA (22)
surface glycoprotein,P26S,21,21638,TCT > CCT,non_synonymous,USA (17);Russia (1);Israel (1);Australia (1)
surface glycoprotein,R214L,21,22203,CTT > CGT,non_synonymous,South Africa (16);USA (2);Chile (1);Australia (1)
surface glycoprotein,T302T,21,22468,ACT > ACG,synonymous,USA (13);Russia (5);Australia (2)
surface glycoprotein,Y489Y,21,23029,TAT > TAC,synonymous,USA (17);Russia (3);Australia (1)
surface glycoprotein,P579P,21,23299,CCG > CCA,synonymous,USA (20);South Africa (1)
surface glycoprotein,V620V,21,23422,GTT > GTC,synonymous,USA (15);Turkey (1);Australia (1)
surface glycoprotein,R682L,21,23607,CTG > CGG,non_synonymous,
surface glycoprotein,R683R,21,23611,CGT > CGG,synonymous,USA (12);Australia (1)
surface glycoprotein,Q779R,21,23898,CGA > CAA,non_synonymous,Australia (1)
surface glycoprotein,H1101Y,21,24863,TAC > CAC,non_synonymous,USA (17);Australia (2);Russia (1)
surface glycoprotein,T1116T,21,24910,ACC > ACT,synonymous,USA (11);Thailand (5)
surface glycoprotein,I410I,20,22792,ATT > ATC,synonymous,Australia (17);USA (3)
surface glycoprotein,A701V,20,23664,GTA > GCA,non_synonymous,USA (19);Australia (1)
surface glycoprotein,L821L,20,24025,CTG > CTA,synonymous,South Africa (1)
surface glycoprotein,T859I,20,24138,ATT > ACT,non_synonymous,USA (13);Russia (3);Australia (3);Israel (1)
surface glycoprotein,V1065V,20,24757,GTT > GTG,synonymous,USA (14)
surface glycoprotein,N1178N,20,25096,AAT > AAC,synonymous,USA (7);Thailand (5);Australia (2);China (1)
surface glycoprotein,N1192T,20,25137,ACT > AAT,non_synonymous,Australia (20)
surface glycoprotein,C1236C,20,25270,TGC > TGT,synonymous,Thailand (5);South Africa (4)
surface glycoprotein,Q14H,19,21604,CAT > CAG,non_synonymous,USA (16);Turkey (1);Brazil (1);Israel (1)
surface glycoprotein,N99N,19,21859,AAT > AAC,synonymous,USA (17);Russia (1)
surface glycoprotein,M177I,19,22093,ATT > ATG,non_synonymous,USA (16);South Africa (2);Australia (1)
surface glycoprotein,R466R,19,22958,CGA > AGA,synonymous,USA (19)
surface glycoprotein,Q498*,19,23054,TAA > CAA,non_synonymous,USA (15);Australia (1)
surface glycoprotein,L841I,19,24083,ATT > CTT,non_synonymous,Australia (11);USA (8)
surface glycoprotein,A846S,19,24098,TCT > GCT,non_synonymous,
surface glycoprotein,N925N,19,24337,AAT > AAC,synonymous,Australia (6);USA (4);Russia (1);China (1)
surface glycoprotein,H1101H,19,24865,CAT > CAC,synonymous,USA (4);China (1)
surface glycoprotein,L1200L,19,25162,CTA > CTC,synonymous,South Africa (7);USA (3);Australia (2);Russia (1);China (1)
surface glycoprotein,S98F,18,21855,TTT > TCT,non_synonymous,USA (10);Australia (4);Russia (1);China (1)
surface glycoprotein,V213V,18,22201,GTT > GTG,synonymous,South Africa (14);USA (3);Australia (1)
surface glycoprotein,N234N,18,22264,AAT > AAC,synonymous,USA (12);Australia (3);Israel (1)
surface glycoprotein,S305S,18,22477,TCT > TCC,synonymous,Australia (17);USA (1)
surface glycoprotein,P499T,18,23057,ACC > CCC,non_synonymous,USA (15)
surface glycoprotein,T618T,18,23416,ACT > ACA,synonymous,USA (11);Australia (1)
surface glycoprotein,E654K,18,23522,AAA > GAA,non_synonymous,USA (8);South Africa (1)
surface glycoprotein,P812S,18,23996,TCA > CCA,non_synonymous,Australia (11);USA (4);United Kingdom (1);South Africa (1)
surface glycoprotein,P812P,18,23998,CCT > CCA,synonymous,USA (17);Thailand (1)
surface glycoprotein,D936D,18,24370,GAT > GAC,synonymous,Russia (6);USA (5);Australia (1);China (1)
surface glycoprotein,T1100T,18,24862,ACT > ACA,synonymous,USA (4)
surface glycoprotein,V1122L,18,24926,TTG > GTG,non_synonymous,Australia (11);USA (6)
surface glycoprotein,V1122V,18,24928,GTT > GTG,synonymous,USA (16);Russia (2)
surface glycoprotein,T20T,17,21622,ACT > ACC,synonymous,Australia (6);USA (5);South Africa (2);India (1);Russia (1);Turkey (1)
surface glycoprotein,G75V,17,21786,GTT > GGT,non_synonymous,USA (14);Turkey (1);South Africa (1)
surface glycoprotein,G142G,17,21988,GGC > GGT,synonymous,USA (12);Australia (5)
surface glycoprotein,Y144Y,17,21994,TAC > TAT,synonymous,USA (8);Australia (4)
surface glycoprotein,M153I,17,22021,ATT > ATG,non_synonymous,USA (5);India (4);Australia (2);Malaysia (1)
surface glycoprotein,V382V,17,22708,GTT > GTG,synonymous,USA (7);Australia (2)
surface glycoprotein,V705V,17,23677,GTA > GTT,synonymous,Australia (17)
surface glycoprotein,T732T,17,23758,ACT > ACC,synonymous,Australia (10);USA (2)
surface glycoprotein,I882T,17,24207,ACC > ATC,non_synonymous,Thailand (5);South Africa (2)
surface glycoprotein,S940S,17,24382,TCT > TCC,synonymous,Australia (7);USA (3);Brazil (1);Turkey (1)
surface glycoprotein,Y28Y,16,21646,TAT > TAC,synonymous,USA (7);Australia (6)
surface glycoprotein,S50L,16,21711,TTA > TCA,non_synonymous,Australia (10);USA (2)
surface glycoprotein,G142D,16,21987,GAT > GGT,non_synonymous,USA (10);Australia (6)
surface glycoprotein,R214S,16,22202,AGT > CGT,non_synonymous,South Africa (14);Australia (2)
surface glycoprotein,D215N,16,22205,AAT > GAT,non_synonymous,South Africa (15);Israel (1)
surface glycoprotein,L216I,16,22208,ATC > CTC,non_synonymous,South Africa (14);China (1);USA (1)
surface glycoprotein,L216L,16,22210,CTT > CTC,synonymous,South Africa (14);Australia (2)
surface glycoprotein,Q498H,16,23056,CAC > CAA,non_synonymous,USA (15)
surface glycoprotein,Q613H,16,23401,CAT > CAG,non_synonymous,USA (12);Australia (4)
surface glycoprotein,S691F,16,23634,TTC > TCC,non_synonymous,Australia (11);USA (4);Brazil (1)
surface glycoprotein,M731I,16,23755,ATT > ATG,non_synonymous,USA (12);Russia (3);Australia (1)
surface glycoprotein,S939S,16,24379,TCA > TCT,synonymous,Thailand (5)
surface glycoprotein,R21I,15,21624,ATA > AGA,non_synonymous,USA (2);Australia (2)
surface glycoprotein,F32L,15,21656,CTC > TTC,non_synonymous,USA (14)
surface glycoprotein,G35R,15,21665,CGT > GGT,non_synonymous,USA (6);Australia (4);South Africa (4)
surface glycoprotein,Y144N,15,21992,AAT > TAT,non_synonymous,USA (8);Australia (7)
surface glycoprotein,Q218L,15,22215,CTG > CAG,non_synonymous,South Africa (14);USA (1)
surface glycoprotein,Q321R,15,22524,CGA > CAA,non_synonymous,South Africa (15)
surface glycoprotein,E465*,15,22955,TAG > GAG,non_synonymous,South Africa (15)
surface glycoprotein,S477I,15,22992,ATC > AGC,non_synonymous,USA (15)
surface glycoprotein,Q493K,15,23039,AAA > CAA,non_synonymous,USA (15)
surface glycoprotein,F497F,15,23053,TTT > TTC,synonymous,USA (12)
surface glycoprotein,P499P,15,23059,CCG > CCC,synonymous,USA (15)
surface glycoprotein,N501T,15,23064,ACT > AAT,non_synonymous,Netherlands (7);USA (3)
surface glycoprotein,A522G,15,23127,GGA > GCA,non_synonymous,Australia (11);USA (4)
surface glycoprotein,A522A,15,23128,GCC > GCA,synonymous,USA (4);Australia (2);South Africa (2)
surface glycoprotein,F541F,15,23185,TTT > TTC,synonymous,USA (12);Russia (1);Australia (1)
surface glycoprotein,C617C,15,23413,TGT > TGC,synonymous,Australia (9);China (1)
surface glycoprotein,N764N,15,23854,AAT > AAC,synonymous,USA (9);Australia (3);Ecuador (2)
surface glycoprotein,L841R,15,24084,CGT > CTT,non_synonymous,Australia (9);USA (6)
surface glycoprotein,V1068V,15,24766,GTG > GTC,synonymous,
surface glycoprotein,L1145F,15,24997,TTT > TTA,non_synonymous,Thailand (5)
surface glycoprotein,R1185R,15,25117,CGT > CGC,synonymous,USA (12);South Africa (2);Russia (1)
surface glycoprotein,M1233L,15,25259,TTG > ATG,non_synonymous,
surface glycoprotein,V83V,14,21811,GTA > GTC,synonymous,USA (14)
surface glycoprotein,Y145Y,14,21997,TAT > TAC,synonymous,USA (6);Australia (3)
surface glycoprotein,L212F,14,22198,TTT > TTA,non_synonymous,South Africa (14)
surface glycoprotein,V213L,14,22199,CTG > GTG,non_synonymous,South Africa (14)
surface glycoprotein,R214R,14,22204,CGA > CGT,synonymous,South Africa (14)
surface glycoprotein,D215V,14,22206,GTT > GAT,non_synonymous,South Africa (14)
surface glycoprotein,D215E,14,22207,GAA > GAT,non_synonymous,South Africa (14)
surface glycoprotein,P217A,14,22211,GCT > CCT,non_synonymous,South Africa (14)
surface glycoprotein,P217H,14,22212,CAT > CCT,non_synonymous,South Africa (14)
surface glycoprotein,P217P,14,22213,CCA > CCT,synonymous,South Africa (14)
surface glycoprotein,H245Y,14,22295,TAT > CAT,non_synonymous,USA (7);Australia (3)
surface glycoprotein,D290D,14,22432,GAT > GAC,synonymous,USA (5);Australia (2);Czech Republic (2)
surface glycoprotein,V320V,14,22522,GTT > GTC,synonymous,USA (4);Russia (3);South Africa (1);Australia (1)
surface glycoprotein,S399S,14,22759,TCG > TCA,synonymous,USA (14)
surface glycoprotein,G413G,14,22801,GGT > GGG,synonymous,USA (6)
surface glycoprotein,N556N,14,23230,AAT > AAC,synonymous,USA (11);India (1);Russia (1)
surface glycoprotein,A653V,14,23520,GTT > GCT,non_synonymous,South Africa (10);USA (2);Australia (2)
surface glycoprotein,E868D,14,24166,GAT > GAA,non_synonymous,
surface glycoprotein,I1018I,14,24616,ATT > ATC,synonymous,USA (12);Australia (1)
surface glycoprotein,P1053P,14,24721,CCC > CCT,synonymous,USA (14)
surface glycoprotein,K1073N,14,24781,AAT > AAG,non_synonymous,Russia (6);USA (6);Australia (2)
surface glycoprotein,D1084Y,14,24812,TAT > GAT,non_synonymous,USA (13);South Africa (1)
surface glycoprotein,V1176F,14,25088,TTT > GTT,non_synonymous,Brazil (9);USA (2);Philippines (2);Mozambique (1)
surface glycoprotein,V70I,13,21770,ATC > GTC,non_synonymous,USA (12);South Africa (1)
surface glycoprotein,S155I,13,22026,ATT > AGT,non_synonymous,USA (13)
surface glycoprotein,Q173K,13,22079,AAG > CAG,non_synonymous,USA (12);Australia (1)
surface glycoprotein,L189F,13,22127,TTT > CTT,non_synonymous,USA (11);Australia (1)
surface glycoprotein,N211N,13,22195,AAC > AAT,synonymous,South Africa (13)
surface glycoprotein,G219C,13,22217,TGT > GGT,non_synonymous,South Africa (13)
surface glycoprotein,Q321H,13,22525,CAT > CAA,non_synonymous,South Africa (13)
surface glycoprotein,G446V,13,22899,GTT > GGT,non_synonymous,Australia (10);USA (2);Mozambique (1)
surface glycoprotein,L452L,13,22918,CTT > CTG,synonymous,USA (8);Australia (5)
surface glycoprotein,P507P,13,23083,CCT > CCA,synonymous,
surface glycoprotein,A626V,13,23439,GTA > GCA,non_synonymous,Australia (12)
surface glycoprotein,T778T,13,23896,ACT > ACC,synonymous,USA (10);Thailand (2);Australia (1)
surface glycoprotein,R847T,13,24102,ACA > AGA,non_synonymous,Australia (13)
surface glycoprotein,A879A,13,24199,GCT > GCG,synonymous,South Africa (4);Thailand (3);USA (1)
surface glycoprotein,N919N,13,24319,AAT > AAC,synonymous,Thailand (5);China (2);USA (1)
surface glycoprotein,S943T,13,24390,ACT > AGT,non_synonymous,
surface glycoprotein,T1027I,13,24642,ATT > ACT,non_synonymous,USA (11);Australia (1);South Africa (1)
surface glycoprotein,N30K,12,21652,AAA > AAT,non_synonymous,Australia (7);USA (4)
surface glycoprotein,S31T,12,21653,ACT > TCT,non_synonymous,Australia (7);USA (4)
surface glycoprotein,S71F,12,21774,TTT > TCT,non_synonymous,Australia (7);USA (3);South Africa (2)
surface glycoprotein,T76I,12,21789,ATT > ACT,non_synonymous,USA (4);Australia (3)
surface glycoprotein,D111N,12,21893,AAT > GAT,non_synonymous,USA (12)
surface glycoprotein,L141F,12,21985,TTT > TTG,non_synonymous,USA (8);Australia (4)
surface glycoprotein,R158T,12,22035,ACA > AGA,non_synonymous,Australia (12)
surface glycoprotein,I210I,12,22192,ATC > ATT,synonymous,South Africa (12)
surface glycoprotein,G261D,12,22344,GAT > GGT,non_synonymous,USA (7);South Africa (3);Australia (2)
surface glycoprotein,A262S,12,22346,TCT > GCT,non_synonymous,USA (10);Russia (1);Turkey (1)
surface glycoprotein,F318F,12,22516,TTC > TTT,synonymous,USA (6)
surface glycoprotein,N343N,12,22591,AAT > AAC,synonymous,USA (3);Australia (1)
surface glycoprotein,S373S,12,22681,TCC > TCA,synonymous,USA (12)
surface glycoprotein,R466G,12,22958,GGA > AGA,non_synonymous,South Africa (12)
surface glycoprotein,R466I,12,22959,ATA > AGA,non_synonymous,South Africa (10);USA (2)
surface glycoprotein,Q677P,12,23592,CCG > CAG,non_synonymous,USA (12)
surface glycoprotein,S704L,12,23673,TTA > TCA,non_synonymous,Australia (8);USA (4)
surface glycoprotein,A771S,12,23873,TCT > GCT,non_synonymous,USA (6);India (5)
surface glycoprotein,V785V,12,23917,GTT > GTC,synonymous,Thailand (5);USA (2)
surface glycoprotein,D796H,12,23948,CAT > GAT,non_synonymous,United Kingdom (7);USA (5)
surface glycoprotein,L861L,12,24145,TTA > TTG,synonymous,Thailand (5);China (2)
surface glycoprotein,V991V,12,24535,GTT > GTG,synonymous,Thailand (5);USA (1)
surface glycoprotein,A1016A,12,24610,GCG > GCA,synonymous,Australia (12)
surface glycoprotein,D1146D,12,25000,GAT > GAC,synonymous,USA (6);Thailand (5)
surface glycoprotein,P1162P,12,25048,CCT > CCA,synonymous,USA (7)
surface glycoprotein,T20I,11,21621,ATC > ACC,non_synonymous,USA (8);India (1);Czech Republic (1);Australia (1)
surface glycoprotein,P26L,11,21639,CTT > CCT,non_synonymous,USA (3);South Africa (1);Australia (1)
surface glycoprotein,T29P,11,21647,CCT > ACT,non_synonymous,Australia (6);USA (4)
surface glycoprotein,T29T,11,21649,ACG > ACT,synonymous,Australia (6);USA (4)
surface glycoprotein,F32L,11,21658,TTG > TTC,non_synonymous,South Africa (5);USA (4);Australia (2)
surface glycoprotein,D53D,11,21721,GAT > GAC,synonymous,USA (11)
surface glycoprotein,F55F,11,21727,TTT > TTC,synonymous,USA (6)
surface glycoprotein,A67V,11,21762,GTT > GCT,non_synonymous,USA (6);Australia (2);Chile (1);South Africa (1)
surface glycoprotein,N149N,11,22009,AAT > AAC,synonymous,USA (6)
surface glycoprotein,T208T,11,22186,ACA > ACG,synonymous,Australia (5);China (1)
surface glycoprotein,W258L,11,22335,TTG > TGG,non_synonymous,USA (10);Australia (1)
surface glycoprotein,A262T,11,22346,ACT > GCT,non_synonymous,Australia (8);USA (1);South Africa (1)
surface glycoprotein,V395V,11,22747,GTT > GTC,synonymous,USA (3);Australia (1);South Africa (1)
surface glycoprotein,N439K,11,22879,AAA > AAC,non_synonymous,USA (10);Russia (1)
surface glycoprotein,N606N,11,23380,AAT > AAC,synonymous,South Africa (3);USA (2)
surface glycoprotein,N658N,11,23536,AAT > AAC,synonymous,USA (4);Australia (2)
surface glycoprotein,T716I,11,23709,ATA > ACA,non_synonymous,USA (7);Australia (4)
surface glycoprotein,V772I,11,23876,ATT > GTT,non_synonymous,USA (10);Turkey (1)
surface glycoprotein,V826V,11,24040,GTT > GTG,synonymous,USA (6);South Africa (4);Australia (1)
surface glycoprotein,L864L,11,24152,CTG > TTG,synonymous,Thailand (5);Australia (3);USA (1)
surface glycoprotein,T881T,11,24205,ACT > ACA,synonymous,Thailand (5)
surface glycoprotein,I882V,11,24206,GTC > ATC,non_synonymous,Thailand (5)
surface glycoprotein,A899S,11,24257,TCT > GCT,non_synonymous,Australia (10)
surface glycoprotein,N953N,11,24421,AAT > AAC,synonymous,Thailand (5);USA (1)
surface glycoprotein,S1051S,11,24715,TCT > TCC,synonymous,Thailand (5);USA (1)
surface glycoprotein,F1095F,11,24847,TTC > TTT,synonymous,Thailand (5);Australia (1)
surface glycoprotein,T1160I,11,25041,ATA > ACA,non_synonymous,Israel (1)
surface glycoprotein,N1187Y,11,25121,TAT > AAT,non_synonymous,USA (9);South Africa (2)
surface glycoprotein,P9L,10,21588,CTA > CCA,non_synonymous,USA (5);Australia (3);Russia (1)
surface glycoprotein,P26T,10,21638,ACT > CCT,non_synonymous,USA (5);South Africa (4);Australia (1)
surface glycoprotein,A27V,10,21642,GTA > GCA,non_synonymous,USA (3);Russia (2);Australia (1)
surface glycoprotein,A27A,10,21643,GCG > GCA,synonymous,Australia (6);USA (3)
surface glycoprotein,V62L,10,21746,CTT > GTT,non_synonymous,USA (10)
surface glycoprotein,I68I,10,21766,ATC > ATA,synonymous,USA (9);South Africa (1)
surface glycoprotein,D88H,10,21824,CAT > GAT,non_synonymous,USA (10)
surface glycoprotein,Y145H,10,21995,CAC > TAC,non_synonymous,USA (7);Australia (3)
surface glycoprotein,H146H,10,22000,CAT > CAC,synonymous,USA (3);Russia (1);Australia (1)
surface glycoprotein,N149Y,10,22007,TAC > AAC,non_synonymous,USA (10)
surface glycoprotein,F157F,10,22033,TTT > TTC,synonymous,USA (3);South Africa (2)
surface glycoprotein,P209P,10,22189,CCC > CCT,synonymous,South Africa (10)
surface glycoprotein,D215Y,10,22205,TAT > GAT,non_synonymous,USA (8);Australia (2)
surface glycoprotein,L216F,10,22208,TTC > CTC,non_synonymous,USA (8);Australia (1);Russia (1)
surface glycoprotein,T236T,10,22270,ACC > ACT,synonymous,Australia (9);USA (1)
surface glycoprotein,S255F,10,22326,TTT > TCT,non_synonymous,USA (4);Australia (4)
surface glycoprotein,C336C,10,22570,TGT > TGC,synonymous,USA (1);China (1)
surface glycoprotein,V367F,10,22661,TTC > GTC,non_synonymous,Australia (5);USA (3)
surface glycoprotein,D389D,10,22729,GAC > GAT,synonymous,Australia (4);USA (1)
surface glycoprotein,V510V,10,23092,GTT > GTA,synonymous,
surface glycoprotein,K558N,10,23236,AAT > AAG,non_synonymous,USA (7);Brazil (2);China (1)
surface glycoprotein,V622F,10,23426,TTT > GTT,non_synonymous,USA (6);South Africa (2);Russia (1)
surface glycoprotein,N641K,10,23485,AAA > AAT,non_synonymous,USA (10)
surface glycoprotein,Q675H,10,23587,CAT > CAG,non_synonymous,USA (5);Brazil (1);Turkey (1);Australia (1)
surface glycoprotein,T719I,10,23718,ATT > ACT,non_synonymous,Australia (8);India (1);USA (1)
surface glycoprotein,P812L,10,23997,CTA > CCA,non_synonymous,USA (6);South Africa (3)
surface glycoprotein,L861L,10,24143,CTG > TTG,synonymous,Thailand (5)
surface glycoprotein,Q872Q,10,24178,CAG > CAA,synonymous,Australia (2)
surface glycoprotein,A899A,10,24259,GCA > GCT,synonymous,Thailand (5)
surface glycoprotein,V911V,10,24295,GTC > GTT,synonymous,Thailand (5)
surface glycoprotein,T941T,10,24385,ACG > ACA,synonymous,Thailand (5)
surface glycoprotein,Q957Q,10,24433,CAG > CAA,synonymous,Thailand (5)
surface glycoprotein,N960N,10,24442,AAT > AAC,synonymous,USA (9)
surface glycoprotein,V963V,10,24451,GTC > GTT,synonymous,Thailand (5)
surface glycoprotein,A1026A,10,24640,GCA > GCT,synonymous,Thailand (5)
surface glycoprotein,L1034L,10,24664,CTC > CTT,synonymous,Thailand (5)
surface glycoprotein,S1037S,10,24673,TCT > TCA,synonymous,Thailand (5)
surface glycoprotein,V1068F,10,24764,TTC > GTC,non_synonymous,USA (6);Russia (1);Australia (1)
surface glycoprotein,V1104L,10,24872,TTA > GTA,non_synonymous,USA (9);Australia (1)
surface glycoprotein,N1125S,10,24936,AGC > AAC,non_synonymous,Thailand (5)
surface glycoprotein,P1162L,10,25047,CTA > CCA,non_synonymous,Australia (3);USA (2);China (2)
surface glycoprotein,Q1201H,10,25165,CAT > CAA,non_synonymous,USA (10)
surface glycoprotein,G1219V,10,25218,GTT > GGT,non_synonymous,USA (7);Brazil (1)
surface glycoprotein,L1224L,10,25232,CTG > TTG,synonymous,Thailand (5)
surface glycoprotein,A1226A,10,25240,GCT > GCC,synonymous,Thailand (5)
surface glycoprotein,V1228I,10,25244,ATA > GTA,non_synonymous,Thailand (5)
surface glycoprotein,V1230V,10,25252,GTC > GTG,synonymous,Thailand (5)
surface glycoprotein,I1232I,10,25258,ATC > ATT,synonymous,Thailand (5)
surface glycoprotein,C1235F,10,25266,TTC > TGC,non_synonymous,USA (8);Russia (1)
surface glycoprotein,V1264L,10,25352,TTG > GTG,non_synonymous,USA (6);Australia (4)
